upc,description,department,qty_sold,unit_price,sales,business_date,cashier_id
65344327636,#12,,1,5,5,2026-08-16,4444
65344327636,#12,,1,5,5,2026-08-16,4444
65344327636,#12,,1,5,5,2026-08-16,6767
65344327636,#12,,1,5,5,2026-08-16,6767
65344327665,1000000 crossword $25,,1,25,25,2026-08-16,4444
65344327663,1000000 crossword $5,,1,5,5,2026-08-16,4444
65344327663,1000000 crossword $5,,2,5,10,2026-08-16,4444
65344327663,1000000 crossword $5,,1,5,5,2026-08-16,6767
65344327664,250000 crossword $10,,1,10,10,2026-08-16,4444
65344327664,250000 crossword $10,,1,10,10,2026-08-16,6767
00000000013,Candy,,1,2.49,2.49,2026-08-16,4444
00000000001,Edible,,2,1.99,3.98,2026-08-16,4444
00000000001,Edible,,1,1.99,1.99,2026-08-16,4444
00000000001,Edible,,1,1.99,1.99,2026-08-16,4444
00000000001,Edible,,1,1.99,1.99,2026-08-16,4444
00000000001,Edible,,2,1.99,3.98,2026-08-16,4444
00000000001,Edible,,1,2.49,2.49,2026-08-16,6767
00000000001,Edible,,1,2.99,2.99,2026-08-16,6767
00000000001,Edible,,1,1.99,1.99,2026-08-16,6767
00000000001,Edible,,1,8.99,8.99,2026-08-16,6767
81020387377,Geek bar orange fab,,1,21.99,21.99,2026-08-16,4444
08378337555,IPA Orange,,1,2.99,2.99,2026-08-16,6767
08378337555,IPA Orange,,1,2.99,2.99,2026-08-16,6767
00000000020,Liquor,,4,1.49,5.96,2026-08-16,6767
00000000015,Machine Lotto,,1,10,10,2026-08-16,4444
00000000015,Machine Lotto,,1,5,5,2026-08-16,4444
00000000015,Machine Lotto,,1,3,3,2026-08-16,4444
00000000015,Machine Lotto,,1,10,10,2026-08-16,4444
00000000015,Machine Lotto,,1,1,1,2026-08-16,6767
00000000015,Machine Lotto,,1,10,10,2026-08-16,6767
00000000015,Machine Lotto,,1,1,1,2026-08-16,6767
65344327632,Monopoly,,1,2,2,2026-08-16,4444
490100500185,NOF Merchandise,,2,2.49,4.98,2026-08-16,6767
85002560552,NOF Merchandise,,1,7.99,7.99,2026-08-16,6767
04400008088,Ritz Chips,,1,2.69,2.69,2026-08-16,4444
04400008088,Ritz Chips,,1,2.69,2.69,2026-08-16,4444
00980000807,TicTac,,1,3.29,3.29,2026-08-16,4444
65344327662,bonus word crossword $3,,2,3,6,2026-08-16,4444
00000000048,Coffee Refill Large,Auto Parts,1,0.84,0.84,2026-08-16,4444
00000000006,Refill Coffee/Cap.,Auto Parts,1,0.66,0.66,2026-08-16,4444
00000000006,Refill Coffee/Cap.,Auto Parts,1,0.66,0.66,2026-08-16,4444
03170005591,WHITE OWL MINI WG 3/1.29,Auto Parts,2,1.29,2.58,2026-08-16,4444
63598526089,BLACK CHERRY WHITECLAW 12PK,Beer,1,14.99,14.99,2026-08-16,4444
07199009516,Blue Moon 12pk BTL,Beer,1,17.99,17.99,2026-08-16,6767
01820025006,Bud Ice 25oz,Beer,3,1.29,3.87,2026-08-16,4444
01820025006,Bud Ice 25oz,Beer,2,1.29,2.58,2026-08-16,6767
01820020998,Bud Light 16oz Aluminum Bttle 8pk,Beer,3,10.99,32.97,2026-08-16,4444
01820053168,Bud Light 24pk Can,Beer,1,21.79,21.79,2026-08-16,4444
01820025505,Bud Light Strawber Rita 25 oz,Beer,1,2.99,2.99,2026-08-16,6767
01820025505,Bud Light Strawber Rita 25 oz,Beer,-1,2.99,-2.99,2026-08-16,6767
01820025505,Bud Light Strawber Rita 25 oz,Beer,1,2.99,2.99,2026-08-16,6767
01820011047,Budweiser cans 12/12 oz,Beer,1,12.39,12.39,2026-08-16,6767
01820086031,Busch Light cans 30/12 oz,Beer,1,21.39,21.39,2026-08-16,4444
01820086031,Busch Light cans 30/12 oz,Beer,1,21.39,21.39,2026-08-16,6767
01820086031,Busch Light cans 30/12 oz,Beer,1,21.39,21.39,2026-08-16,6767
01820025004,Busch Lught 25oz,Beer,2,2.29,4.58,2026-08-16,6767
07199030065,Coors Light 24oz can,Beer,2,1.89,3.78,2026-08-16,4444
08200079863,Crown Whisky Lemonade,Beer,1,3.49,3.49,2026-08-16,6767
81675102121,Cutwater lime margarita,Beer,2,3.29,6.58,2026-08-16,4444
08378337550,HAZY IPA TALL CAN,Beer,1,2.99,2.99,2026-08-16,6767
07199048024,Keystone 24oz can,Beer,2,1.69,3.38,2026-08-16,6767
07199048045,Keystone Can 15/12 oz,Beer,1,9.29,9.29,2026-08-16,4444
07199048045,Keystone Can 15/12 oz,Beer,1,9.29,9.29,2026-08-16,4444
03410030344,MILWAUKEES BEST,Beer,1,8.59,8.59,2026-08-16,6767
63598526068,MXD LIIT,Beer,1,1.99,1.99,2026-08-16,6767
01820005989,Michelob Ultra 6pack 12oz bottles,Beer,1,8.49,8.49,2026-08-16,6767
63598580309,Mikes Harder 24oz,Beer,1,2.99,2.99,2026-08-16,4444
03410057505,Miller Lite 6 pk bottles 12 oz,Beer,1,6.79,6.79,2026-08-16,6767
03410057023,Miller Lite 9 Pack Bottle,Beer,1,12.99,12.99,2026-08-16,4444
03410057340,Miller Lite cans 18/12 oz,Beer,1,14.99,14.99,2026-08-16,6767
01820020077,Natural Light 15PK,Beer,1,8.99,8.99,2026-08-16,6767
01820020077,Natural Light 15PK,Beer,1,8.99,8.99,2026-08-16,6767
01820025002,Natural Light 25FL OZ,Beer,1,2.29,2.29,2026-08-16,4444
01820025002,Natural Light 25FL OZ,Beer,1,2.29,2.29,2026-08-16,6767
01820025002,Natural Light 25FL OZ,Beer,1,2.29,2.29,2026-08-16,6767
01820015030,Natural Light cans 30/12 oz,Beer,1,15.99,15.99,2026-08-16,4444
01820015030,Natural Light cans 30/12 oz,Beer,1,15.99,15.99,2026-08-16,4444
81582901189,cyman red,Beer,1,9.99,9.99,2026-08-16,6767
81582901189,cyman red,Beer,1,9.99,9.99,2026-08-16,6767
08769201783,twisted extra lemon,Beer,1,2.99,2.99,2026-08-16,6767
08769201783,twisted extra lemon,Beer,1,2.99,2.99,2026-08-16,6767
63598580214,white claw grape fruit,Beer,1,2.79,2.79,2026-08-16,6767
03400000337,BreathSavers Spearmint Mint,Candy,1,2.09,2.09,2026-08-16,6767
04139600097,CANDY CIGS CLASSIC BRAND,Candy,3,0.49,1.47,2026-08-16,6767
03400000524,Caramello king 2.7 oz,Candy,1,2.79,2.79,2026-08-16,4444
02200000891,Extra Peppermint Gum,Candy,1,2.19,2.19,2026-08-16,4444
02200000898,Extra Polar Ice Gum,Candy,1,2.19,2.19,2026-08-16,6767
02200000898,Extra Polar Ice Gum,Candy,1,2.19,2.19,2026-08-16,6767
04223830221,Haribo Bag Candy,Candy,1,2.19,2.19,2026-08-16,6767
03400000241,Hersheys Almonds 1.45 oz,Candy,1,1.79,1.79,2026-08-16,6767
03400000239,Hersheys CookiesnCreme 1.55 oz,Candy,1,1.79,1.79,2026-08-16,6767
02211007980,Hubba Bubba Bubble Gum 2 oz,Candy,1,2.09,2.09,2026-08-16,4444
02200001585,Juicy Fruit Bubble Gum Orgnl,Candy,6,1.79,10.74,2026-08-16,6767
03400000229,Kit Kat King 3 oz,Candy,1,2.79,2.79,2026-08-16,4444
03400000229,Kit Kat King 3 oz,Candy,1,2.79,2.79,2026-08-16,4444
03400011470,Reese Pieces Thtr,Candy,1,2.29,2.29,2026-08-16,6767
03400043095,Reeses Big Cup King Size 2.8 oz,Candy,1,2.79,2.79,2026-08-16,4444
03400000653,Reeses Nutrageous KS,Candy,1,2.79,2.79,2026-08-16,6767
03400048012,Reeses White KS,Candy,1,2.79,2.79,2026-08-16,6767
04136408734,SOUR PUNCH BITES ASSORTED,Candy,1,1.79,1.79,2026-08-16,6767
04000042431,Snickers 1.86oz,Candy,1,1.79,1.79,2026-08-16,4444
04000000263,Snickers 2 to Go 3.29 oz,Candy,2,2.79,5.58,2026-08-16,4444
04000000105,Snickers Almond 1.76 oz,Candy,1,1.79,1.79,2026-08-16,4444
03400054413,Twizzlers Nibs 6 oz,Candy,1,3.09,3.09,2026-08-16,6767
07339000818,X TREME BITES,Candy,1,3.89,3.89,2026-08-16,4444
03400021753,animal craker,Candy,1,3.19,3.19,2026-08-16,6767
02200028596,skittles gummies,Candy,1,3.19,3.19,2026-08-16,6767
04799585508,American Spirit Blue King Box,Cigs,1,13.49,13.49,2026-08-16,4444
04799585505,American Spirit Green PK,Cigs,1,13.49,13.49,2026-08-16,6767
02820030432,Basic Gold Kings Box,Cigs,2,10.49,20.98,2026-08-16,6767
01230000007,Camel Blue King Box,Cigs,2,10.69,21.38,2026-08-16,4444
01230000093,Camel Crush Menthol King Box,Cigs,1,11.19,11.19,2026-08-16,4444
01230000093,Camel Crush Menthol King Box,Cigs,1,11.19,11.19,2026-08-16,6767
02820031042,L and M Menthol 100 Box,Cigs,2,11.99,23.98,2026-08-16,6767
02820031032,L and M Menthol King Box,Cigs,1,11.99,11.99,2026-08-16,6767
02820031032,L and M Menthol King Box,Cigs,1,11.99,11.99,2026-08-16,6767
02820031032,L and M Menthol King Box,Cigs,1,11.99,11.99,2026-08-16,6767
04330018735,Lucky Strike Silver 100s,Cigs,2,5.06,10.12,2026-08-16,4444
02820017944,MARL 1PK 22090 CC GOLD B,Cigs,1,9.49,9.49,2026-08-16,4444
02820000264,Marlboro 27 King Box,Cigs,2,10.59,21.18,2026-08-16,6767
02820000264,Marlboro 27 King Box,Cigs,2,11.79,23.58,2026-08-16,6767
02820000963,Marlboro 72 Full Flavor Box,Cigs,2,11.79,23.58,2026-08-16,6767
02820000963,Marlboro 72 Full Flavor Box,Cigs,2,11.79,23.58,2026-08-16,6767
02820000363,Marlboro Full Flavor 100 Box,Cigs,1,12.29,12.29,2026-08-16,6767
02820000357,Marlboro Full Flavor King Box,Cigs,2,11.79,23.58,2026-08-16,4444
02820000357,Marlboro Full Flavor King Box,Cigs,1,12.29,12.29,2026-08-16,4444
02820000357,Marlboro Full Flavor King Box,Cigs,2,11.79,23.58,2026-08-16,6767
02820000465,Marlboro Gold 100 Box,Cigs,1,12.29,12.29,2026-08-16,4444
02820000384,Marlboro Gold King Box,Cigs,1,12.28,12.28,2026-08-16,4444
02820000384,Marlboro Gold King Box,Cigs,1,12.28,12.28,2026-08-16,4444
02820000384,Marlboro Gold King Box,Cigs,2,11.78,23.56,2026-08-16,4444
02820000384,Marlboro Gold King Box,Cigs,1,12.28,12.28,2026-08-16,4444
02820000384,Marlboro Gold King Box,Cigs,2,10.58,21.16,2026-08-16,4444
02820000384,Marlboro Gold King Box,Cigs,2,11.78,23.56,2026-08-16,4444
02820000384,Marlboro Gold King Box,Cigs,2,10.58,21.16,2026-08-16,4444
02820000384,Marlboro Gold King Box,Cigs,2,10.58,21.16,2026-08-16,4444
02820000384,Marlboro Gold King Box,Cigs,1,12.28,12.28,2026-08-16,6767
02820000384,Marlboro Gold King Box,Cigs,1,12.28,12.28,2026-08-16,6767
02820000384,Marlboro Gold King Box,Cigs,1,12.28,12.28,2026-08-16,6767
02820000384,Marlboro Gold King Box,Cigs,1,12.28,12.28,2026-08-16,6767
02820000361,Marlboro Menthol  King Box,Cigs,1,12.29,12.29,2026-08-16,6767
02820000401,Marlboro Menthol Gold King Box,Cigs,10,11.55,115.5,2026-08-16,4444
02820000401,Marlboro Menthol Gold King Box,Cigs,1,12.29,12.29,2026-08-16,6767
02820000485,Marlboro Menthol Silver 100 Box,Cigs,1,12.29,12.29,2026-08-16,4444
02820000485,Marlboro Menthol Silver 100 Box,Cigs,2,12.29,24.58,2026-08-16,6767
02820000485,Marlboro Menthol Silver 100 Box,Cigs,2,11.79,23.58,2026-08-16,6767
02820000478,Marlboro Silver 100 Box,Cigs,1,12.29,12.29,2026-08-16,6767
02820000477,Marlboro Silver King Box,Cigs,2,11.79,23.58,2026-08-16,4444
02820000477,Marlboro Silver King Box,Cigs,1,12.29,12.29,2026-08-16,6767
02820000952,Marlboro Special Select Black King Box,Cigs,1,10.59,10.59,2026-08-16,4444
02820000952,Marlboro Special Select Black King Box,Cigs,2,8.89,17.78,2026-08-16,4444
02820000952,Marlboro Special Select Black King Box,Cigs,1,10.59,10.59,2026-08-16,4444
02820000952,Marlboro Special Select Black King Box,Cigs,1,10.59,10.59,2026-08-16,4444
02820000952,Marlboro Special Select Black King Box,Cigs,1,10.59,10.59,2026-08-16,6767
02820000953,Marlboro Special Select Black Red 100 Bo,Cigs,2,10.09,20.18,2026-08-16,4444
02820000422,Marlboro Special Select Gold King Box,Cigs,1,10.59,10.59,2026-08-16,4444
02820000422,Marlboro Special Select Gold King Box,Cigs,1,10.59,10.59,2026-08-16,4444
02820000422,Marlboro Special Select Gold King Box,Cigs,1,12.29,12.29,2026-08-16,6767
02820000954,Marlboro Special Select King Box,Cigs,1,12.29,12.29,2026-08-16,4444
02820000954,Marlboro Special Select King Box,Cigs,1,12.29,12.29,2026-08-16,6767
09050000051,Maverick Menthol Box PK,Cigs,1,10.99,10.99,2026-08-16,4444
09050000051,Maverick Menthol Box PK,Cigs,1,10.99,10.99,2026-08-16,4444
09050000051,Maverick Menthol Box PK,Cigs,4,10.99,43.96,2026-08-16,6767
02040000034,Misty Blue 120 Box,Cigs,3,14.99,44.97,2026-08-16,6767
02040000003,Misty Menthol Silver Box,Cigs,2,14.99,29.98,2026-08-16,4444
02610000657,Newport Red 100 Box,Cigs,2,12.49,24.98,2026-08-16,4444
02720020595,PALL MALL SELECT GREEN MTHL BX,Cigs,2,6.17,12.34,2026-08-16,4444
02720020595,PALL MALL SELECT GREEN MTHL BX,Cigs,2,7.77,15.54,2026-08-16,6767
02720020956,PALL MALL SELECT RED 100BX,Cigs,1,8.02,8.02,2026-08-16,4444
02720020953,PALL MALL Select BLUE 100BX,Cigs,1,8.02,8.02,2026-08-16,4444
02720020953,PALL MALL Select BLUE 100BX,Cigs,1,8.02,8.02,2026-08-16,4444
02720020953,PALL MALL Select BLUE 100BX,Cigs,1,8.02,8.02,2026-08-16,4444
02720020953,PALL MALL Select BLUE 100BX,Cigs,1,8.02,8.02,2026-08-16,4444
02720020953,PALL MALL Select BLUE 100BX,Cigs,1,8.02,8.02,2026-08-16,6767
02720000854,Pall Mall Blue Kings Box,Cigs,1,10.99,10.99,2026-08-16,6767
02720000867,Pall Mall Full Flavor 100s Box,Cigs,1,10.99,10.99,2026-08-16,6767
02720000867,Pall Mall Full Flavor 100s Box,Cigs,1,10.99,10.99,2026-08-16,6767
02720000865,Pall Mall Menthol 100s Box,Cigs,1,10.99,10.99,2026-08-16,4444
02720000175,Pall Mall Orange,Cigs,1,10.99,10.99,2026-08-16,4444
09050000061,Winston Gold 100 Box,Cigs,2,10.74,21.48,2026-08-16,4444
07013711122,Wood Tip Jazz,Cigs,1,1.69,1.69,2026-08-16,4444
04799520040,american spirit,Cigs,2,13.49,26.98,2026-08-16,6767
07161020364,dutch,Cigs,2,1.29,2.58,2026-08-16,4444
04330010899,lucky gold,Cigs,2,5.06,10.12,2026-08-16,4444
04330010899,lucky gold,Cigs,2,5.06,10.12,2026-08-16,4444
04330010899,lucky gold,Cigs,2,5.06,10.12,2026-08-16,4444
04330010899,lucky gold,Cigs,1,8.81,8.81,2026-08-16,6767
04330010899,lucky gold,Cigs,2,5.06,10.12,2026-08-16,6767
04330010899,lucky gold,Cigs,2,5.06,10.12,2026-08-16,6767
04330010908,lucky gold 100,Cigs,2,5.06,10.12,2026-08-16,4444
04330010908,lucky gold 100,Cigs,1,8.81,8.81,2026-08-16,6767
04330010908,lucky gold 100,Cigs,1,8.81,8.81,2026-08-16,6767
04330018714,lucky menthol,Cigs,2,5.06,10.12,2026-08-16,6767
04330018714,lucky menthol,Cigs,2,5.06,10.12,2026-08-16,6767
04330018732,lucky menthol silver,Cigs,4,5.06,20.24,2026-08-16,4444
02610000573,newport blue,Cigs,1,12.99,12.99,2026-08-16,4444
02610000573,newport blue,Cigs,1,12.99,12.99,2026-08-16,4444
02610000573,newport blue,Cigs,2,12.99,25.98,2026-08-16,6767
02610000576,newport gold,Cigs,2,11.99,23.98,2026-08-16,4444
02610000575,newport gold,Cigs,1,12.99,12.99,2026-08-16,4444
84920502342,vuse 2.4% menthol 4pk,Cigs,1,36.99,36.99,2026-08-16,6767
84920502345,vuse 5% 4pk,Cigs,1,36.99,36.99,2026-08-16,4444
07064002539,B.B. LOADD SUNDAE CHOC,Edible,2,3.49,6.98,2026-08-16,6767
00000000023,Cup Of Ice,Edible,1,0.5,0.5,2026-08-16,4444
00000000023,Cup Of Ice,Edible,1,0.5,0.5,2026-08-16,4444
00000000023,Cup Of Ice,Edible,1,0.5,0.5,2026-08-16,4444
00000000023,Cup Of Ice,Edible,1,0.5,0.5,2026-08-16,4444
00000000023,Cup Of Ice,Edible,1,0.5,0.5,2026-08-16,6767
00000000023,Cup Of Ice,Edible,1,0.5,0.5,2026-08-16,6767
00000000023,Cup Of Ice,Edible,1,0.5,0.5,2026-08-16,6767
00000000023,Cup Of Ice,Edible,1,0.5,0.5,2026-08-16,6767
00000000023,Cup Of Ice,Edible,1,0.5,0.5,2026-08-16,6767
88399066100,Good 2 Grow Apple,Edible,1,2.89,2.89,2026-08-16,4444
31254662368,HALLS-STRAWBERRY,Edible,1,1.99,1.99,2026-08-16,4444
02843539825,Klarbrunn Pure Drinking Water  20 oz,Edible,1,1.19,1.19,2026-08-16,6767
02843539825,Klarbrunn Pure Drinking Water  20 oz,Edible,1,1.19,1.19,2026-08-16,6767
02843539825,Klarbrunn Pure Drinking Water  20 oz,Edible,1,1.19,1.19,2026-08-16,6767
02843539840,Klarbrunn Pure Drinking Water 1 lt.,Edible,2,1.49,2.98,2026-08-16,4444
02843539840,Klarbrunn Pure Drinking Water 1 lt.,Edible,1,1.49,1.49,2026-08-16,6767
07874235187,Milk 2% Gallon,Edible,1,2.99,2.99,2026-08-16,4444
07874235187,Milk 2% Gallon,Edible,1,2.99,2.99,2026-08-16,6767
07273021406,Prairie Farm 1PT,Edible,1,1.79,1.79,2026-08-16,6767
78616220043,Smart Water 20 oz,Edible,1,1.39,1.39,2026-08-16,4444
07339005553,Trident White,Edible,1,1.89,1.89,2026-08-16,6767
07874235186,WHOLE MILK GALLON,Edible,1,2.99,2.99,2026-08-16,6767
07064040075,carmel cone,Edible,1,2.99,2.99,2026-08-16,6767
81515402340,cherry lemon reign,Edible,1,3.29,3.29,2026-08-16,6767
07920004906,nerd clusters,Edible,1,3.89,3.89,2026-08-16,4444
00000000002,Large Fountain,Fountain,1,1.87,1.87,2026-08-16,4444
00000000002,Large Fountain,Fountain,1,1.87,1.87,2026-08-16,4444
00000000002,Large Fountain,Fountain,1,1.87,1.87,2026-08-16,4444
00000000002,Large Fountain,Fountain,1,1.87,1.87,2026-08-16,4444
00000000002,Large Fountain,Fountain,1,1.87,1.87,2026-08-16,4444
00000000002,Large Fountain,Fountain,1,1.87,1.87,2026-08-16,4444
00000000002,Large Fountain,Fountain,1,1.87,1.87,2026-08-16,4444
00000000002,Large Fountain,Fountain,1,1.87,1.87,2026-08-16,6767
00000000002,Large Fountain,Fountain,1,1.87,1.87,2026-08-16,6767
00000000002,Large Fountain,Fountain,1,1.87,1.87,2026-08-16,6767
00000000002,Large Fountain,Fountain,1,1.87,1.87,2026-08-16,6767
00000000002,Large Fountain,Fountain,1,1.87,1.87,2026-08-16,6767
00000000002,Large Fountain,Fountain,1,1.87,1.87,2026-08-16,6767
00000000002,Large Fountain,Fountain,1,1.87,1.87,2026-08-16,6767
00000000002,Large Fountain,Fountain,1,1.87,1.87,2026-08-16,6767
00000000002,Large Fountain,Fountain,1,1.87,1.87,2026-08-16,6767
00000000002,Large Fountain,Fountain,1,1.87,1.87,2026-08-16,6767
00000000002,Large Fountain,Fountain,1,1.87,1.87,2026-08-16,6767
04051506902,Large Coffee/Cap.,HBA,1,1.19,1.19,2026-08-16,4444
04051506902,Large Coffee/Cap.,HBA,1,1.19,1.19,2026-08-16,6767
04051506902,Large Coffee/Cap.,HBA,1,1.19,1.19,2026-08-16,6767
04051506901,Medium Coffee/Cap,HBA,2,1.09,2.18,2026-08-16,4444
04051506900,Small Coffee/Cap.,HBA,1,0.99,0.99,2026-08-16,4444
07330920022,Large Ice Bag,Ice,1,4.89,4.89,2026-08-16,4444
07330920022,Large Ice Bag,Ice,1,4.89,4.89,2026-08-16,4444
07330920022,Large Ice Bag,Ice,1,4.89,4.89,2026-08-16,4444
07330920007,Small Ice Bag,Ice,1,1.89,1.89,2026-08-16,4444
07330920007,Small Ice Bag,Ice,1,1.89,1.89,2026-08-16,4444
07330920007,Small Ice Bag,Ice,1,1.89,1.89,2026-08-16,6767
07330920007,Small Ice Bag,Ice,1,1.89,1.89,2026-08-16,6767
07330920007,Small Ice Bag,Ice,1,1.89,1.89,2026-08-16,6767
65344327616,#18 cash chaser,Instant Lottery,1,10,10,2026-08-16,4444
65344327575,$50 Bankroll,Instant Lottery,1,50,50,2026-08-16,4444
65344327643,7 11 21 1DOL,Instant Lottery,1,1,1,2026-08-16,4444
65344327645,ELECTRIC CASH $5,Instant Lottery,1,5,5,2026-08-16,4444
65344327647,EMERALDS 1DOL $1,Instant Lottery,1,1,1,2026-08-16,4444
65344327669,GALAXY BLAST 5DOL,Instant Lottery,1,5,5,2026-08-16,4444
65344327669,GALAXY BLAST 5DOL,Instant Lottery,1,5,5,2026-08-16,4444
65344327660,MILLIONAIRE 7 $10,Instant Lottery,1,10,10,2026-08-16,4444
65344327652,MONEY RUSH 5DOL,Instant Lottery,1,5,5,2026-08-16,6767
65344327611,Millionaire Club,Instant Lottery,1,50,50,2026-08-16,4444
65344327611,Millionaire Club,Instant Lottery,1,50,50,2026-08-16,4444
65344327611,Millionaire Club,Instant Lottery,1,50,50,2026-08-16,6767
65344327656,POWER UP! MULTPLIER $5,Instant Lottery,1,5,5,2026-08-16,4444
65344327656,POWER UP! MULTPLIER $5,Instant Lottery,2,5,10,2026-08-16,4444
65344327656,POWER UP! MULTPLIER $5,Instant Lottery,1,5,5,2026-08-16,4444
65344327656,POWER UP! MULTPLIER $5,Instant Lottery,1,5,5,2026-08-16,4444
65344327656,POWER UP! MULTPLIER $5,Instant Lottery,1,5,5,2026-08-16,6767
65344327631,Winter Bonus Blowout $ 10,Instant Lottery,1,10,10,2026-08-16,4444
65344327631,Winter Bonus Blowout $ 10,Instant Lottery,1,10,10,2026-08-16,4444
65344327631,Winter Bonus Blowout $ 10,Instant Lottery,2,10,20,2026-08-16,4444
08800404448,101 pineapple,Liquor,1,1.09,1.09,2026-08-16,6767
08800404448,101 pineapple,Liquor,1,1.09,1.09,2026-08-16,6767
08559214248,360 Geogia Peach,Liquor,2,1.19,2.38,2026-08-16,6767
08066062099,99 Bananas,Liquor,2,1.09,2.18,2026-08-16,6767
08066062099,99 Bananas,Liquor,1,1.09,1.09,2026-08-16,6767
08800405331,99's,Liquor,4,1.09,4.36,2026-08-16,4444
08800402310,BLUE ICE 101,Liquor,10,1.09,10.9,2026-08-16,4444
08800402310,BLUE ICE 101,Liquor,4,1.09,4.36,2026-08-16,6767
08800402310,BLUE ICE 101,Liquor,2,1.09,2.18,2026-08-16,6767
09674902154,Evan Williams 200ml,Liquor,1,4.49,4.49,2026-08-16,6767
08800400937,Fireball 100ml,Liquor,6,1.99,11.94,2026-08-16,6767
08800414470,Fireball 50ml,Liquor,2,0.99,1.98,2026-08-16,4444
08800414470,Fireball 50ml,Liquor,2,0.99,1.98,2026-08-16,4444
08800414470,Fireball 50ml,Liquor,4,0.99,3.96,2026-08-16,6767
08800414470,Fireball 50ml,Liquor,2,0.99,1.98,2026-08-16,6767
08800414470,Fireball 50ml,Liquor,3,0.99,2.97,2026-08-16,6767
08800414470,Fireball 50ml,Liquor,2,0.99,1.98,2026-08-16,6767
08800414470,Fireball 50ml,Liquor,2,0.99,1.98,2026-08-16,6767
08800414470,Fireball 50ml,Liquor,1,0.99,0.99,2026-08-16,6767
08800414470,Fireball 50ml,Liquor,1,0.99,0.99,2026-08-16,6767
08800414470,Fireball 50ml,Liquor,5,0.99,4.95,2026-08-16,6767
08800403326,GRAPE 101,Liquor,2,1.09,2.18,2026-08-16,4444
08811015055,HENNESSY COG,Liquor,1,49.99,49.99,2026-08-16,6767
08308966035,Jager 375ML,Liquor,1,14.99,14.99,2026-08-16,4444
08800401046,Nikolai 375ml,Liquor,1,3.99,3.99,2026-08-16,6767
08800401278,Platinum 7X,Liquor,4,1.09,4.36,2026-08-16,6767
08200000008,Smirnoff 200ml,Liquor,1,4.99,4.99,2026-08-16,4444
76642700344,Twisted Shots,Liquor,1,5.99,5.99,2026-08-16,6767
08711601448,uv blue 750,Liquor,1,12.99,12.99,2026-08-16,6767
08711601448,uv blue 750,Liquor,1,12.99,12.99,2026-08-16,6767
75347377732,Giant Meal Worms,Non-Edible,1,3.99,3.99,2026-08-16,4444
36671597103,LIL DRUG Excedirin,Non-Edible,1,4.49,4.49,2026-08-16,6767
85321500102,Wax Worms,Non-Edible,1,3.99,3.99,2026-08-16,4444
02100005228,kRAFT SLOW SIMMERED BBQ SAUCE,Phone Cards,1,4.79,4.79,2026-08-16,6767
00000002424,PIZZA SLICE,Porters,1,1.84,1.84,2026-08-16,4444
00000002424,PIZZA SLICE,Porters,1,1.84,1.84,2026-08-16,4444
00000002424,PIZZA SLICE,Porters,2,1.84,3.68,2026-08-16,4444
02620047159,Andy Capps Hot Fries,Snacks,1,1.79,1.79,2026-08-16,4444
03575111114,BON APP BLUBRY CRM DNSH,Snacks,1,3.19,3.19,2026-08-16,4444
03575111836,BON APPETIT B-BERRY CHSE,Snacks,1,3.19,3.19,2026-08-16,4444
03575111834,BON APPETIT STRAW-CHSE D,Snacks,1,3.19,3.19,2026-08-16,4444
04157005179,Blue Diamond Almond Smokehouse,Snacks,1,1.89,1.89,2026-08-16,4444
02840070569,Chesters FLAMIN hot fries,Snacks,1,2.99,2.99,2026-08-16,6767
01600016891,Chex Mix Chocolate Turtle 4.5 oz,Snacks,2,4.89,9.78,2026-08-16,4444
01600021556,Chex mix bold,Snacks,1,4.99,4.99,2026-08-16,6767
02620046772,David Sunflower Seed Ranch 5.25 oz,Snacks,1,2.89,2.89,2026-08-16,6767
02840058927,FRITOS flavor twist honey bbq,Snacks,1,5.49,5.49,2026-08-16,4444
88810901216,HOSTESS STRAWBERRY DONUTS,Snacks,1,2.99,2.99,2026-08-16,4444
88810901053,Hostess Berriesand Cream Cheese Danish,Snacks,1,2.49,2.49,2026-08-16,4444
01708288692,JACK LINKS TERIYAKI STICK,Snacks,1,2.09,2.09,2026-08-16,6767
01708200039,Jack Links Beefand Cheese 1.2oz,Snacks,1,2.19,2.19,2026-08-16,6767
02840077008,Lays Classic 2.5OZ,Snacks,1,2.89,2.89,2026-08-16,4444
02840077008,Lays Classic 2.5OZ,Snacks,1,2.89,2.89,2026-08-16,4444
02840077008,Lays Classic 2.5OZ,Snacks,1,2.89,2.89,2026-08-16,6767
02840077008,Lays Classic 2.5OZ,Snacks,1,2.89,2.89,2026-08-16,6767
02430086541,Little Debbie 2 for $2.00,Snacks,1,2.19,2.19,2026-08-16,4444
02430083786,Little Debbie 2 for $2.00,Snacks,1,2.19,2.19,2026-08-16,6767
01600050601,Lucky Charms Treats Marshmallow 1.7 oz,Snacks,3,1.69,5.07,2026-08-16,4444
04400008479,NAB RITZ DRIZZLED MINI F,Snacks,1,4.29,4.29,2026-08-16,6767
02900002213,Planters Honey Roasted Peanuts 1.75oz,Snacks,2,0.545,1.09,2026-08-16,6767
02620014060,Slim Jim Monster Original,Snacks,2,3.49,6.98,2026-08-16,6767
02620014050,Slim Jim Tabasco Monster,Snacks,1,3.49,3.49,2026-08-16,6767
07339005515,"Trident,Spearment",Snacks,1,1.79,1.79,2026-08-16,4444
07339005515,"Trident,Spearment",Snacks,1,1.79,1.79,2026-08-16,6767
85101500437,fatty honey bbq,Snacks,1,3.69,3.69,2026-08-16,6767
02840025942,frito lay Grandma's Choco Brownie,Snacks,1,1.09,1.09,2026-08-16,6767
04900000634,12 oz Coke,Soda,1,0.89,0.89,2026-08-16,6767
71941070001,5 Hour Energy Extra,Soda,1,3.69,3.69,2026-08-16,4444
61300875648,ARIZONA MUCHO MANGO 22OZ,Soda,1,1.69,1.69,2026-08-16,4444
81003051382,Alani,Soda,2,2.79,5.58,2026-08-16,6767
85064500836,Alani,Soda,1,2.79,2.79,2026-08-16,4444
81003051105,Alani,Soda,1,2.79,2.79,2026-08-16,6767
81003051015,Alani,Soda,2,2.79,5.58,2026-08-16,6767
81003051233,Alani,Soda,1,2.79,2.79,2026-08-16,6767
81003051233,Alani,Soda,1,2.79,2.79,2026-08-16,6767
81003051233,Alani,Soda,1,2.79,2.79,2026-08-16,6767
81003051105,Alani,Soda,2,2.79,5.58,2026-08-16,6767
85064500838,Alani,Soda,1,2.79,2.79,2026-08-16,6767
01200001643,Amp Energy 16 oz,Soda,2,2.49,4.98,2026-08-16,6767
01200000157,Aquafina Pure Water 1 lt,Soda,1,1.99,1.99,2026-08-16,4444
01200000159,Aquafina Pure Water 20 oz,Soda,1,1.69,1.69,2026-08-16,4444
01200000159,Aquafina Pure Water 20 oz,Soda,1,1.69,1.69,2026-08-16,6767
61300875643,Arizona Green Tea 23 oz,Soda,1,1.29,1.29,2026-08-16,4444
61300875643,Arizona Green Tea 23 oz,Soda,1,1.29,1.29,2026-08-16,4444
02843560042,BUBB'R,Soda,1,2.29,2.29,2026-08-16,4444
85817600215,"BodyAmour,SportWater",Soda,1,2.79,2.79,2026-08-16,4444
85817600232,BodyArmor 28oz,Soda,1,3.49,3.49,2026-08-16,6767
85817600232,BodyArmor 28oz,Soda,1,3.49,3.49,2026-08-16,6767
88939200091,"Celsiuc, Galaxy Vibe",Soda,2,2.79,5.58,2026-08-16,4444
04900004754,Cherry Coke Zero,Soda,2,2.59,5.18,2026-08-16,4444
04900004754,Cherry Coke Zero,Soda,2,2.59,5.18,2026-08-16,4444
04900005010,Coca-Cola 2 Liter,Soda,1,3.49,3.49,2026-08-16,4444
04900002892,Coke 12 Packs,Soda,1,8.99,8.99,2026-08-16,4444
04900000045,Coke 20 oz,Soda,1,2.79,2.79,2026-08-16,4444
04900000045,Coke 20 oz,Soda,1,2.79,2.79,2026-08-16,4444
04900000764,Coke 20 oz,Soda,1,2.79,2.79,2026-08-16,4444
04900004086,Coke 20 oz,Soda,1,2.79,2.79,2026-08-16,6767
04900000044,Coke 20 oz,Soda,1,2.79,2.79,2026-08-16,6767
04900004086,Coke 20 oz,Soda,1,2.79,2.79,2026-08-16,6767
04900001801,Coke 20 oz,Soda,1,2.79,2.79,2026-08-16,6767
04900000764,Coke 20 oz,Soda,2,2.79,5.58,2026-08-16,6767
04900000764,Coke 20 oz,Soda,2,2.79,5.58,2026-08-16,6767
04900004086,Coke 20 oz,Soda,1,2.79,2.79,2026-08-16,6767
81162002065,Core Power Elite Vanilla 14oz,Soda,1,3.79,3.79,2026-08-16,4444
81162002196,Core Power Elite Vanilla 14oz,Soda,1,3.79,3.79,2026-08-16,6767
07800001352,Crush Grape 20oz,Soda,1,1.79,1.79,2026-08-16,6767
01200000805,DIET PEPSI 12OZ CAN,Soda,1,0.89,0.89,2026-08-16,4444
01200000805,DIET PEPSI 12OZ CAN,Soda,1,0.89,0.89,2026-08-16,6767
04900000977,Dasani Purified Water 20 oz,Soda,1,1.69,1.69,2026-08-16,6767
04900005011,Diet Coke 2 Liter,Soda,1,3.49,3.49,2026-08-16,6767
07800008340,Dr Pepper Diet 20 oz,Soda,2,1.89,3.78,2026-08-16,4444
07800008246,Dr. Pepper 2 Liter,Soda,1,3.49,3.49,2026-08-16,4444
07800008246,Dr. Pepper 2 Liter,Soda,1,3.49,3.49,2026-08-16,4444
07800008240,Dr. Pepper 20 oz,Soda,1,1.89,1.89,2026-08-16,6767
07800008240,Dr. Pepper 20 oz,Soda,1,1.89,1.89,2026-08-16,6767
04900007238,Dunkin Donuts Iced Coffee,Soda,1,3.79,3.79,2026-08-16,6767
07929800008,Evian Natural Spring Water 1.05 pt,Soda,1,1.59,1.59,2026-08-16,4444
81016960415,GHOST 7UP,Soda,1,3.29,3.29,2026-08-16,4444
07800000912,GRAPE CRUSH 120Z CAN,Soda,1,0.89,0.89,2026-08-16,6767
07800000912,GRAPE CRUSH 120Z CAN,Soda,1,0.89,0.89,2026-08-16,6767
05200004327,GRAPE ZERO GATORADE,Soda,2,3.39,6.78,2026-08-16,6767
05200032866,Gatorade 20 oz,Soda,1,2.19,2.19,2026-08-16,4444
05200004354,Gatorade 20 oz,Soda,1,2.19,2.19,2026-08-16,6767
05200013519,Gatorade 28 oz,Soda,2,3.39,6.78,2026-08-16,4444
05200004328,Gatorade 28 oz,Soda,2,3.39,6.78,2026-08-16,4444
05200004231,Gatorade 28 oz,Soda,1,3.39,3.39,2026-08-16,6767
05200004791,Gatorlyte Strawberry Kiwi,Soda,1,3.39,3.39,2026-08-16,4444
05200005082,Gatorlyte Strawberry Kiwi,Soda,1,3.39,3.39,2026-08-16,6767
05200010247,Glacier Cherry Gatorade,Soda,3,2.19,6.57,2026-08-16,6767
08390000576,Gold Peak Diet Tea,Soda,1,2.69,2.69,2026-08-16,4444
08390000575,Gold Peak Tea Sweetened 18.5 oz,Soda,1,2.59,2.59,2026-08-16,6767
18507300004,Hog Wash Squealin Blue Raspberry 10 oz,Soda,1,1.49,1.49,2026-08-16,4444
62022120020,Jones,Soda,1,1.99,1.99,2026-08-16,6767
62022120003,Jones root beer,Soda,1,1.99,1.99,2026-08-16,4444
61126900226,"Juneberry,SugarFree,12OZ",Soda,1,3.79,3.79,2026-08-16,4444
01200016115,LIFE WATER 33.8OZ,Soda,1,3.09,3.09,2026-08-16,4444
07084790026,MONSTER ULT RWB RAZZ LTO,Soda,1,3.39,3.39,2026-08-16,4444
04900056109,MR PIBB 20OZ,Soda,2,1.79,3.58,2026-08-16,4444
01200025076,MUG FLOAT ZS VANILLA,Soda,1,1.99,1.99,2026-08-16,6767
07084781116,Monster Energy,Soda,1,3.39,3.39,2026-08-16,4444
07084781271,Monster Java Loca Moca,Soda,2,2.75,5.5,2026-08-16,4444
07084701247,Monster Zero Ultra,Soda,3,2.26,6.78,2026-08-16,6767
01200000085,Mountain Dew Can 12 oz,Soda,1,0.89,0.89,2026-08-16,4444
01200000085,Mountain Dew Can 12 oz,Soda,3,0.89,2.67,2026-08-16,4444
01200000085,Mountain Dew Can 12 oz,Soda,6,0.89,5.34,2026-08-16,6767
01200000224,Mt Dew Code Red 20oz,Soda,1,2.49,2.49,2026-08-16,6767
01200000224,Mt Dew Code Red 20oz,Soda,1,2.49,2.49,2026-08-16,6767
01200002721,MtDew16oz,Soda,1,1.99,1.99,2026-08-16,4444
01200002721,MtDew16oz,Soda,1,1.99,1.99,2026-08-16,6767
01200018338,Mtn Dew Baja Zero,Soda,1,2.49,2.49,2026-08-16,4444
01200018338,Mtn Dew Baja Zero,Soda,1,2.49,2.49,2026-08-16,4444
81515402000,NOS,Soda,1,3.39,3.39,2026-08-16,4444
81006371007,POPPI CHERRY LIME,Soda,2,2.99,5.98,2026-08-16,4444
04900007154,Peak Extra Sweet Tea,Soda,1,2.69,2.69,2026-08-16,4444
04900007154,Peak Extra Sweet Tea,Soda,1,2.69,2.69,2026-08-16,6767
01200003028,Pepsi 16oz tall can,Soda,1,1.99,1.99,2026-08-16,4444
01200003028,Pepsi 16oz tall can,Soda,1,1.99,1.99,2026-08-16,6767
01200003028,Pepsi 16oz tall can,Soda,1,1.99,1.99,2026-08-16,6767
01200000013,Pepsi Can 12 oz,Soda,2,0.89,1.78,2026-08-16,6767
01200000129,Pepsiand Mnt Dew Sodas Special,Soda,1,2.99,2.99,2026-08-16,4444
01200019143,Pepsiand Mnt Dew Sodas Special,Soda,1,2.99,2.99,2026-08-16,4444
01200000559,Pepsiand Mnt Dew Sodas Special,Soda,1,2.99,2.99,2026-08-16,4444
01200019143,Pepsiand Mnt Dew Sodas Special,Soda,1,2.99,2.99,2026-08-16,4444
01200017174,Pepsiand Mnt Dew Sodas Special,Soda,1,2.99,2.99,2026-08-16,6767
01200000131,Pepsiand Mnt Dew Sodas Special,Soda,1,2.99,2.99,2026-08-16,6767
05200070779,Propel 20 oz,Soda,1,2.39,2.39,2026-08-16,4444
05200070779,Propel 20 oz,Soda,1,2.39,2.39,2026-08-16,4444
05200001358,Propel Zero Berry 20 oz,Soda,1,2.39,2.39,2026-08-16,4444
05200005059,Propel grape,Soda,1,3.39,3.39,2026-08-16,6767
09800010035,Pure Leaf Teas 18.5 oz,Soda,1,2.59,2.59,2026-08-16,4444
01200028617,Pure Leaf Teas 18.5 oz,Soda,4,2.59,10.36,2026-08-16,4444
01200028620,Pure Leaf Teas 18.5 oz,Soda,1,2.59,2.59,2026-08-16,6767
61126900244,RED BULL ICDVNBR SF 12CN,Soda,4,3.79,15.16,2026-08-16,6767
81809400574,ROCKSTAR FRUIT PUNCH,Soda,1,2.89,2.89,2026-08-16,6767
61126913344,Red Bull 20 oz,Soda,1,5.39,5.39,2026-08-16,4444
61126900246,Red Bull 8.4oz,Soda,1,2.99,2.99,2026-08-16,6767
61126900186,Red Bull 8.4oz,Soda,1,2.99,2.99,2026-08-16,6767
61126999100,Red Bull 8.4oz,Soda,1,2.99,2.99,2026-08-16,6767
61126999100,Red Bull 8.4oz,Soda,-1,2.99,-2.99,2026-08-16,6767
61126999100,Red Bull 8.4oz,Soda,1,2.99,2.99,2026-08-16,6767
61126900276,Red Bull Sugar Free Summer Edition 12oz,Soda,1,3.79,3.79,2026-08-16,4444
61126900268,Red Bull Summer Edition 8.4oz,Soda,2,2.99,5.98,2026-08-16,6767
61126971646,Red Bull Zero 12oz,Soda,1,3.79,3.79,2026-08-16,6767
61126981899,Red Bull Zero 12oz,Soda,1,3.79,3.79,2026-08-16,4444
61126911357,Red Bull Zero 12oz,Soda,1,3.79,3.79,2026-08-16,4444
61126932121,Red Bull Zero 12oz,Soda,2,3.79,7.58,2026-08-16,4444
61126932121,Red Bull Zero 12oz,Soda,1,3.79,3.79,2026-08-16,6767
61126981899,Red Bull Zero 12oz,Soda,1,3.79,3.79,2026-08-16,6767
00000000007,Refill Soda,Soda,2,0.75,1.5,2026-08-16,4444
00000000007,Refill Soda,Soda,1,0.75,0.75,2026-08-16,4444
00000000007,Refill Soda,Soda,1,0.75,0.75,2026-08-16,4444
00000000007,Refill Soda,Soda,2,0.75,1.5,2026-08-16,4444
00000000007,Refill Soda,Soda,2,0.75,1.5,2026-08-16,4444
00000000007,Refill Soda,Soda,1,0.75,0.75,2026-08-16,6767
00000000007,Refill Soda,Soda,1,0.75,0.75,2026-08-16,6767
00000000007,Refill Soda,Soda,1,0.75,0.75,2026-08-16,6767
00000000007,Refill Soda,Soda,1,0.75,0.75,2026-08-16,6767
04900003719,SPRITE ZERO,Soda,1,2.79,2.79,2026-08-16,6767
04900003719,SPRITE ZERO,Soda,2,2.79,5.58,2026-08-16,6767
00000000003,Small Fountain,Soda,1,1.29,1.29,2026-08-16,4444
00000000003,Small Fountain,Soda,1,1.29,1.29,2026-08-16,4444
00000000003,Small Fountain,Soda,1,1.29,1.29,2026-08-16,4444
00000000003,Small Fountain,Soda,1,1.29,1.29,2026-08-16,4444
00000000003,Small Fountain,Soda,1,1.29,1.29,2026-08-16,4444
00000000003,Small Fountain,Soda,1,1.29,1.29,2026-08-16,4444
00000000003,Small Fountain,Soda,1,1.29,1.29,2026-08-16,4444
00000000003,Small Fountain,Soda,1,1.29,1.29,2026-08-16,4444
00000000003,Small Fountain,Soda,1,1.29,1.29,2026-08-16,4444
00000000003,Small Fountain,Soda,1,1.29,1.29,2026-08-16,4444
00000000003,Small Fountain,Soda,1,1.29,1.29,2026-08-16,4444
00000000003,Small Fountain,Soda,1,1.29,1.29,2026-08-16,4444
00000000003,Small Fountain,Soda,1,1.29,1.29,2026-08-16,4444
00000000003,Small Fountain,Soda,1,1.29,1.29,2026-08-16,4444
00000000003,Small Fountain,Soda,1,1.29,1.29,2026-08-16,4444
00000000003,Small Fountain,Soda,1,1.29,1.29,2026-08-16,6767
00000000003,Small Fountain,Soda,1,1.29,1.29,2026-08-16,6767
00000000003,Small Fountain,Soda,1,1.29,1.29,2026-08-16,6767
00000000003,Small Fountain,Soda,1,1.29,1.29,2026-08-16,6767
00000000003,Small Fountain,Soda,1,1.29,1.29,2026-08-16,6767
00000000003,Small Fountain,Soda,1,1.29,1.29,2026-08-16,6767
78616200151,Smart Water 23.5 oz,Soda,1,1.69,1.69,2026-08-16,4444
78616200151,Smart Water 23.5 oz,Soda,1,1.69,1.69,2026-08-16,4444
78616200151,Smart Water 23.5 oz,Soda,1,1.69,1.69,2026-08-16,6767
00000000009,Soda,Soda,1,2.79,2.79,2026-08-16,4444
00000000009,Soda,Soda,1,2.79,2.79,2026-08-16,4444
00000000009,Soda,Soda,20,2.79,55.8,2026-08-16,4444
00000000009,Soda,Soda,5,2.79,13.95,2026-08-16,4444
07800001640,Squirt 20oz,Soda,1,1.89,1.89,2026-08-16,4444
07800001640,Squirt 20oz,Soda,1,1.89,1.89,2026-08-16,4444
07800005240,a and w root beer,Soda,1,1.89,1.89,2026-08-16,4444
81003051917,alani,Soda,2,2.79,5.58,2026-08-16,4444
05200005058,berry liter propel,Soda,1,2.79,2.79,2026-08-16,4444
81001926323,black rifle,Soda,1,2.89,2.89,2026-08-16,6767
02843560045,bubbler,Soda,1,2.29,2.29,2026-08-16,6767
05200006340,gaterade,Soda,1,3.39,3.39,2026-08-16,6767
81008581909,ghost,Soda,1,3.29,3.29,2026-08-16,4444
81008581220,ghost,Soda,1,3.29,3.29,2026-08-16,6767
04900007940,powerade right one,Soda,1,2.69,2.69,2026-08-16,4444
07033060006,BIC LIGHTER GEOMETRICS,Tobacco,1,2.59,2.59,2026-08-16,4444
07033060006,BIC LIGHTER GEOMETRICS,Tobacco,2,2.59,5.18,2026-08-16,4444
07013700023,Black& Mild Wine 5 pk,Tobacco,1,8.99,8.99,2026-08-16,6767
07161049612,D.M. DUTCH HONEY FUSION,Tobacco,2,2.59,5.18,2026-08-16,4444
04210000886,GRIZZLY LC STRAIGHT,Tobacco,2,7.09,14.18,2026-08-16,4444
76244640000,Longhorn Long Cut Wintergreen,Tobacco,5,5.99,29.95,2026-08-16,4444
76957792135,Loose leaf cookies and cream,Tobacco,1,2.99,2.99,2026-08-16,4444
76957792135,Loose leaf cookies and cream,Tobacco,1,2.99,2.99,2026-08-16,4444
85502200523,ON 4MG CINNAMON,Tobacco,5,5.99,29.95,2026-08-16,4444
85502200523,ON 4MG CINNAMON,Tobacco,1,5.99,5.99,2026-08-16,6767
85502200526,ON 4MG CITRUS,Tobacco,1,5.99,5.99,2026-08-16,6767
07310000148,Skoal Long Cut Wintergreen,Tobacco,10,8.46,84.6,2026-08-16,4444
07310000168,Skoal Xtra Mint Blend Pouches,Tobacco,5,8.96,44.8,2026-08-16,6767
07310000170,Skoal Xtra Wintergreen Blend Long Cut,Tobacco,1,8.96,8.96,2026-08-16,6767
07033000002,Small Bic Lighter,Tobacco,1,2.19,2.19,2026-08-16,4444
07033000002,Small Bic Lighter,Tobacco,1,2.19,2.19,2026-08-16,4444
07013721372,Sweets,Tobacco,3,2.49,7.47,2026-08-16,4444
60924998801,ZYN PEPPERMINT FROST 9MG,Tobacco,1,6.99,6.99,2026-08-16,6767
60924990003,Zyn Nicotine Pouches,Tobacco,1,6.69,6.69,2026-08-16,4444
60924990202,Zyn Nicotine Pouches,Tobacco,1,6.69,6.69,2026-08-16,4444
60924990302,Zyn Nicotine Pouches,Tobacco,1,6.69,6.69,2026-08-16,6767
60924990003,Zyn Nicotine Pouches,Tobacco,1,6.69,6.69,2026-08-16,6767
04330010926,lucky red 100,Tobacco,2,5.99,11.98,2026-08-16,4444
04330010926,lucky red 100,Tobacco,2,5.99,11.98,2026-08-16,4444
84017061814,velo,Tobacco,1,6.99,6.99,2026-08-16,4444
00866000863,zig zag mini cones,Tobacco,1,1.79,1.79,2026-08-16,6767
78476207860,zig zag wrap pink,Tobacco,2,0.99,1.98,2026-08-16,4444
78476207860,zig zag wrap pink,Tobacco,2,0.99,1.98,2026-08-16,4444