transaction_id,cashier_id,register_id,event_time,gross_amount,net_amount,tax_amount,total_amount
9240,20000,10002,03:00:40,16.22,16.22,0,16.22
9241,20000,10002,03:57:56,6.14,6.1,0,6.1
9242,20000,10002,04:30:54,72.82,71.08,0,71.08
9536,4444,2,05:59:56,6.05,6.49,0.44,6.49
9537,4444,2,06:01:41,8.02,8.6,0.58,8.6
9538,4444,2,06:19:38,2.59,2.78,0.19,2.78
9539,4444,2,06:21:39,12,12,0,12
9540,4444,2,06:45:11,20,20,0,20
9541,4444,2,06:46:51,20,20,0,20
9542,4444,2,06:48:29,2.18,2.34,0.16,2.34
9243,20000,10001,06:55:55,39.52,39.52,0,39.52
9543,4444,2,06:56:26,21.18,21.64,1.46,21.64
9544,4444,2,07:01:22,17.62,10.85,0.73,10.85
9545,4444,2,07:03:24,60,60,0,60
9244,20000,10005,07:08:16,52.74,52.74,0,52.74
9245,20000,10003,07:14:47,115,115,0,115
9546,4444,2,07:21:44,64.06,68.4,4.34,68.4
9547,4444,2,07:23:54,17.86,19.15,1.29,19.15
9548,4444,2,07:24:33,2.79,2.99,0.2,2.99
9246,20000,10004,07:25:53,117.25,114.46,0,114.46
9549,4444,2,07:33:54,20,20,0,20
9550,4444,2,07:35:29,20,20,0,20
9551,4444,2,07:41:08,5,5,0,5
9552,4444,2,07:42:14,24.58,25.29,1.71,25.29
9553,4444,2,07:45:12,17.15,18.27,1.12,18.27
9554,4444,2,07:47:40,89.6,90.73,6.13,90.73
9555,4444,2,07:49:55,12.18,13.06,0.88,13.06
9556,4444,2,07:51:11,24.56,25.27,1.71,25.27
9247,20000,10003,07:53:20,80.8,80.05,0,80.05
9557,4444,2,07:56:30,40,40,0,40
9558,4444,2,07:57:10,2.59,2.78,0.19,2.78
9559,4444,2,07:58:45,40,40,0,40
9560,4444,2,07:59:13,0.66,0.71,0.05,0.71
9561,4444,2,08:03:07,29.47,30.23,1.76,30.23
9248,20000,10001,08:11:51,55.22,55.22,0,55.22
9562,4444,2,08:15:31,12.29,13.18,0.89,13.18
9563,4444,2,08:17:57,12.68,13.6,0.92,13.6
9249,20000,10003,08:18:36,30.29,30.29,0,30.29
9564,4444,2,08:18:37,1.5,1.61,0.11,1.61
9565,4444,2,08:24:38,1.29,1.38,0.09,1.38
9250,20000,10002,08:25:30,54.15,54.15,0,54.15
9566,4444,2,08:29:55,1.99,2.13,0.14,2.13
9251,20000,10002,08:33:56,18.91,18.91,0,18.91
9567,4444,2,08:34:07,36.99,39.67,2.68,39.67
9252,20000,10003,08:37:22,37.05,37.05,0,37.05
9568,4444,2,08:37:39,16.04,13.23,0.89,13.23
9569,4444,2,08:43:29,7.58,8.13,0.55,8.13
9253,20000,10004,08:43:33,52.04,52.04,0,52.04
9254,20000,10003,08:44:51,76.4,74.99,0,74.99
9570,4444,2,08:46:39,10.77,11.55,0.78,11.55
9571,4444,2,08:50:43,13.13,14.08,0.95,14.08
9572,4444,2,08:52:18,10.9,11.69,0.79,11.69
9255,20000,10002,08:53:13,43.43,43.43,0,43.43
9573,4444,2,08:54:11,25.98,25.72,1.74,25.72
9256,20000,10001,08:55:31,44.24,44.24,0,44.24
9257,20000,10003,08:56:40,15.05,14.94,0,14.94
9574,4444,2,08:57:14,4.77,5.12,0.35,5.12
9258,20000,10004,08:57:38,79.9,79.9,0,79.9
9575,4444,2,08:58:44,0.75,0.8,0.05,0.8
9576,4444,2,08:59:54,3.48,3.73,0.25,3.73
9577,4444,2,09:01:17,2.99,3.02,0.03,3.02
9578,4444,2,09:01:52,19.31,12.67,0.86,12.67
9259,20000,10004,09:04:46,22.99,22.82,0,22.82
9579,4444,2,09:08:19,0.99,1.06,0.07,1.06
9260,20000,10002,09:09:31,80.51,80.51,0,80.51
9261,20000,10005,09:12:40,80.9,80.9,0,80.9
9580,4444,2,09:16:33,12.24,13.13,0.89,13.13
9262,20000,10003,09:18:24,44,44,0,44
9263,20000,10002,09:18:34,25.92,25.92,0,25.92
9581,4444,2,09:21:49,3.18,3.41,0.23,3.41
9582,4444,2,09:22:42,1.87,2.01,0.14,2.01
9264,20000,10004,09:24:07,61.28,61.28,0,61.28
9583,4444,2,09:24:36,12.28,13.17,0.89,13.17
9265,20000,10005,09:27:54,68.08,68.08,0,68.08
9266,20000,10003,09:28:51,15,15,0,15
9267,20000,10002,09:31:39,64.34,64.34,0,64.34
9584,4444,2,09:33:53,18.96,20.24,1.28,20.24
9268,20000,10001,09:44:11,33.3,33.3,0,33.3
9585,4444,2,09:46:01,20,20,0,20
9586,4444,2,09:47:19,21.29,21.38,0.09,21.38
9587,4444,2,09:47:57,20,20,0,20
9588,4444,2,09:48:02,46.15,48.42,3.27,48.42
9589,4444,2,09:49:08,21.29,21.38,0.09,21.38
9590,4444,2,09:49:25,31.16,32.35,2.19,32.35
9591,4444,2,09:50:35,2.79,2.99,0.2,2.99
9269,20000,10001,09:52:06,27.27,27.08,0,27.08
9270,20000,10004,09:52:13,63.11,62.66,0,62.66
9271,20000,10003,09:52:15,48.06,48.06,0,48.06
9592,4444,2,09:52:15,5.88,6.31,0.43,6.31
9272,20000,10005,09:52:45,74.35,74.35,0,74.35
9593,4444,2,09:52:47,13.49,14.47,0.98,14.47
9594,4444,2,09:55:45,29.98,32.15,2.17,32.15
9595,4444,2,09:56:32,69.75,74.81,5.06,74.81
9597,4444,2,09:58:34,15.99,17.15,1.16,17.15
9598,4444,2,09:59:14,6.69,7.18,0.49,7.18
9599,4444,2,09:59:40,3.16,3.39,0.23,3.39
9273,20000,10004,10:01:46,20,20,0,20
9600,4444,2,10:03:47,7.47,8.01,0.54,8.01
9601,4444,2,10:05:10,26.9,25.18,1.68,25.18
9274,20000,10001,10:06:37,63.05,63.05,0,63.05
9602,4444,2,10:07:17,2.18,2.34,0.16,2.34
9275,20000,10001,10:11:32,60.73,60.73,0,60.73
9276,20000,10003,10:11:44,65,65,0,65
9605,4444,2,10:14:10,2.67,2.86,0.19,2.86
9277,20000,10003,10:14:34,32.68,32.68,0,32.68
9278,20000,10002,10:16:55,56.07,56.07,0,56.07
9279,20000,10003,10:18:14,46.1,45.01,0,45.01
9280,20000,10001,10:21:19,100.55,98.46,0,98.46
9606,4444,2,10:22:22,24.56,25.27,1.71,25.27
9607,4444,2,10:22:54,14.99,16.08,1.09,16.08
9608,4444,2,10:23:46,50.1,53.73,3.63,53.73
9609,4444,2,10:25:36,5,5,0,5
9281,20000,10005,10:26:28,49.13,49.13,0,49.13
9610,4444,2,10:28:07,58,58,0,58
9611,4444,2,10:29:22,12.28,13.17,0.89,13.17
9282,20000,10002,10:29:34,57.52,57.52,0,57.52
9612,4444,2,10:29:44,24.56,22.69,1.53,22.69
9283,20000,10003,10:31:41,40.97,40,0,40
9613,4444,2,10:32:49,2.58,2.77,0.19,2.77
9614,4444,2,10:33:50,7.75,8.13,0.38,8.13
9284,20000,10004,10:35:06,21.86,21.6,0,21.6
9615,4444,2,10:35:49,25.16,19.48,1.32,19.48
9285,20000,10005,10:38:17,25,25,0,25
9616,4444,2,10:38:45,18.98,12.85,0.87,12.85
9286,20000,10001,10:39:50,30.41,30.05,0,30.05
9617,4444,2,10:39:50,5.58,5.98,0.4,5.98
9287,20000,10005,10:45:23,36.43,35.99,0,35.99
9288,20000,10003,10:46:59,38.45,38.21,0,38.21
9289,20000,10001,10:48:37,40.94,40.94,0,40.94
9290,20000,10004,10:50:21,155.54,155.54,0,155.54
9618,4444,2,10:50:35,1.99,2.13,0.14,2.13
9291,20000,10002,10:51:37,42.01,42.01,0,42.01
9619,4444,2,10:51:46,32.28,33.75,1.47,33.75
9620,4444,2,10:54:08,32.28,33.75,1.47,33.75
9292,20000,10001,10:54:56,51.38,51.38,0,51.38
9621,4444,2,10:55:32,1.99,2.01,0.02,2.01
9293,20000,10005,10:55:38,56.4,56,0,56
9294,20000,10002,10:55:50,38.83,38.83,0,38.83
9295,20000,10004,10:57:12,46.27,46.27,0,46.27
9622,4444,2,10:58:12,5.47,5.87,0.4,5.87
9296,20000,10003,10:58:53,50.19,50.19,0,50.19
9623,4444,2,10:59:04,13.75,14.75,1,14.75
9624,4444,2,10:59:54,12.29,13.18,0.89,13.18
9625,4444,2,11:00:14,22.47,20.45,1.38,20.45
9297,20000,10005,11:00:47,47.78,47.78,0,47.78
9626,4444,2,11:01:00,27.98,21.96,1.48,21.96
9298,20000,10004,11:01:55,58.38,58.38,0,58.38
9299,20000,10001,11:03:14,30.01,30.01,0,30.01
9627,4444,2,11:05:08,33.6,26.06,1.76,26.06
9300,20000,10003,11:09:05,30.1,30.1,0,30.1
9628,4444,2,11:11:17,18.85,20.22,1.37,20.22
9629,4444,2,11:16:15,9.49,10.18,0.69,10.18
9630,4444,2,11:17:25,40,40,0,40
9631,4444,2,11:17:33,12.99,13.93,0.94,13.93
9632,4444,2,11:18:38,35.24,21.71,1.47,21.71
9301,20000,10004,11:18:50,33.26,33.26,0,33.26
9633,4444,2,11:19:43,40,40,0,40
9634,4444,2,11:20:03,100,100,0,100
9635,4444,2,11:20:21,10,10,0,10
9636,4444,2,11:20:42,2,2,0,2
9637,4444,2,11:22:25,10,10,0,10
9638,4444,2,11:22:38,28.05,28.63,0.58,28.63
9639,4444,2,11:23:45,26,26,0,26
9640,4444,2,11:24:49,28.05,28.63,0.58,28.63
9641,4444,2,11:25:11,19.51,12.88,0.87,12.88
9643,4444,2,11:26:37,41.45,44.46,3.01,44.46
9644,4444,2,11:30:19,6.18,6.63,0.45,6.63
9302,20000,10002,11:31:37,37.11,36.23,0,36.23
9303,20000,10005,11:31:56,17.35,17.14,0,17.14
9645,4444,2,11:34:35,9.47,9.91,0.44,9.91
9304,20000,10005,11:36:35,50.01,50.01,0,50.01
9646,4444,2,11:37:06,16.29,16.38,0.09,16.38
9647,4444,2,11:38:57,16.29,16.38,0.09,16.38
9648,4444,2,11:40:50,10,10,0,10
9649,4444,2,11:42:39,10.5,10,0,10
9650,4444,2,11:43:07,21,21,0,21
9651,4444,2,11:44:47,21,21,0,21
9652,4444,2,11:45:11,122.9,123.87,8.37,123.87
9653,4444,2,11:47:46,12.93,13.84,0.91,13.84
9654,4444,2,11:49:02,33.26,33.7,1.94,33.7
9655,4444,2,11:50:31,20,20,0,20
9305,20000,10005,11:53:42,61.65,61.65,0,61.65
9306,20000,10004,11:55:25,15.21,15.21,0,15.21
9307,20000,10003,11:57:01,60.39,60.39,0,60.39
9656,4444,2,12:01:31,5.08,5.45,0.37,5.45
9657,4444,2,12:02:20,10,10,0,10
9658,4444,2,12:02:58,20,20,0,20
9659,4444,2,12:03:09,14.87,15.95,1.08,15.95
9660,4444,2,12:04:31,10,10,0,10
9661,4444,2,12:05:08,7.38,7.92,0.54,7.92
9662,4444,2,12:06:41,4.88,5.23,0.35,5.23
9663,4444,2,12:09:43,27.99,28.18,0.19,28.18
9664,4444,2,12:11:07,6.58,7.06,0.48,7.06
9665,4444,2,12:13:36,27.99,28.18,0.19,28.18
9666,4444,2,12:14:57,3.78,4.05,0.27,4.05
9668,4444,2,12:18:04,50,50,0,50
9669,4444,2,12:22:30,50,50,0,50
9308,20000,10003,12:30:56,30,30,0,30
9670,4444,2,12:32:37,2.99,3.21,0.22,3.21
9671,4444,2,12:33:26,30,30,0,30
9672,4444,2,12:34:07,5.38,5.58,0.2,5.58
9309,20000,10001,12:35:02,39.29,39.29,0,39.29
9673,4444,2,12:35:37,5.28,5.57,0.29,5.57
9674,4444,2,12:36:34,30,30,0,30
9310,20000,10003,12:38:33,30.25,30.25,0,30.25
9311,20000,10002,12:40:49,51.24,50.02,0,50.02
9675,4444,2,12:42:02,1.89,1.91,0.02,1.91
9312,20000,10001,12:44:05,68.89,67.25,0,67.25
9313,20000,10002,12:45:37,30,30,0,30
9676,4444,2,12:46:37,23.87,24.75,0.88,24.75
9677,4444,2,12:47:16,18.93,20.3,1.37,20.3
9678,4444,2,12:48:13,7.58,8.13,0.55,8.13
9679,4444,2,12:48:34,23.87,24.75,0.88,24.75
9680,4444,2,12:48:45,5.08,5.35,0.27,5.35
9314,20000,10004,12:53:59,29.02,29.02,0,29.02
9681,4444,2,12:54:37,35,35,0,35
9315,20000,10002,12:54:55,27.54,27.54,0,27.54
9682,4444,2,12:56:01,10.86,11,0.14,11
9683,4444,2,12:56:25,35,35,0,35
9684,4444,2,12:58:45,10.86,11,0.14,11
9685,4444,2,13:01:36,6.78,7.27,0.49,7.27
9316,20000,10004,13:02:09,60.02,60.02,0,60.02
9686,4444,2,13:02:18,15.39,16.32,0.93,16.32
9687,4444,2,13:03:28,24.58,22.72,1.54,22.72
9688,4444,2,13:06:32,6.78,6.85,0.07,6.85
9317,20000,10002,13:11:38,20.02,20.02,0,20.02
9318,20000,10004,13:11:49,35.01,35.01,0,35.01
9689,4444,2,13:12:19,6.67,7.15,0.48,7.15
9319,20000,10003,13:17:49,67.3,66.5,0,66.5
9690,4444,2,13:18:24,10.01,10.01,0,10.01
9691,4444,2,13:19:42,4.08,4.38,0.3,4.38
9692,4444,2,13:20:08,24.08,24.38,0.3,24.38
9693,4444,2,13:22:35,24.32,24.38,0.3,24.38
9694,4444,2,13:23:04,7,7,0,7
9695,4444,2,13:23:51,21.5,21.61,0.11,21.61
9696,4444,2,13:24:12,7,7,0,7
9697,4444,2,13:25:38,20.21,20.95,0.74,20.95
9698,4444,2,13:27:06,21.5,21.61,0.11,21.61
9699,4444,2,13:28:34,20.21,20.95,0.74,20.95
9700,4444,2,13:34:00,36.69,36.71,0.02,36.71
9701,4444,2,13:37:07,36.69,36.71,0.02,36.71
9702,4444,2,13:37:10,38.94,41.76,2.82,41.76
9703,4444,2,13:39:24,4.98,5.34,0.36,5.34
9320,20000,10001,13:40:11,51.79,51.18,0,51.18
9321,20000,10004,13:41:02,40.02,40.02,0,40.02
9704,4444,2,13:45:34,29.95,32.12,2.17,32.12
9705,4444,2,13:49:59,11.16,11.97,0.81,11.97
9706,4444,2,13:50:53,21.94,23.28,1.34,23.28
9322,20000,10003,13:51:02,58.63,57.23,0,57.23
9323,20000,10005,13:51:50,74.27,74.27,0,74.27
9707,4444,2,13:51:53,21.94,23.28,1.34,23.28
9708,4444,2,13:53:07,30,30,0,30
9709,4444,2,13:56:48,24.56,22.69,1.53,22.69
9710,4444,2,13:57:53,30.73,30,0,30
9711,4444,2,13:58:00,30.95,31.74,0.79,31.74
9324,20000,10005,13:58:08,20,20,0,20
9712,4444,2,13:58:59,6.18,6.63,0.45,6.63
9713,4444,2,13:59:37,25.57,27.42,1.85,27.42
9714,4444,2,14:01:13,15,15,0,15
9715,6767,2,14:01:54,8.59,9.21,0.62,9.21
9716,6767,2,14:03:31,44.8,48.05,3.25,48.05
9325,20000,10004,14:04:01,25.16,25.16,0,25.16
9717,6767,2,14:04:02,3.79,3.99,0.2,3.99
9718,6767,2,14:09:18,7.65,8.18,0.53,8.18
9719,6767,2,14:11:45,4.17,4.47,0.3,4.47
9326,20000,10004,14:12:47,72.74,71,0,71
9720,6767,2,14:13:54,6.28,6.74,0.46,6.74
9721,6767,2,14:14:15,3.39,3.64,0.25,3.64
9327,20000,10002,14:14:30,53.93,53.93,0,53.93
9722,6767,2,14:14:46,4.98,5.34,0.36,5.34
9723,6767,2,14:15:15,12.65,13.41,0.76,13.41
9724,6767,2,14:16:43,7.76,8.25,0.49,8.25
9725,6767,2,14:17:03,1.09,1.17,0.08,1.17
9726,6767,2,14:17:31,1.19,1.2,0.01,1.2
9727,6767,2,14:18:23,40,40,0,40
9328,20000,10005,14:19:38,20,20,0,20
9728,6767,2,14:21:53,6.88,7.38,0.5,7.38
9729,6767,2,14:22:26,37.7,37,0,37
9329,20000,10003,14:25:30,72.04,72.04,0,72.04
9330,20000,10005,14:27:12,38.27,38,0,38
9730,6767,2,14:29:22,18.13,19.42,1.29,19.42
9331,20000,10004,14:36:03,41.79,41.79,0,41.79
9332,20000,10003,14:37:47,35,35,0,35
9333,20000,10002,14:40:48,40.07,39.32,0,39.32
9731,6767,2,14:41:37,11.94,12.81,0.87,12.81
9732,6767,2,14:42:18,7.35,7.88,0.53,7.88
9334,20000,10003,14:43:36,41.68,41.68,0,41.68
9335,20000,10005,14:44:22,57.76,57.76,0,57.76
9336,20000,10002,14:46:27,20.5,20.5,0,20.5
9733,6767,2,14:49:34,48.81,49.45,0.64,49.45
9337,20000,10005,14:50:26,38.54,38.54,0,38.54
9734,6767,2,14:50:43,29.88,30.23,0.35,30.23
9735,6767,2,14:51:45,11.48,12.13,0.65,12.13
9338,20000,10002,14:52:03,59,59,0,59
9736,6767,2,14:52:34,48.81,49.45,0.64,49.45
9737,6767,2,14:53:22,30.06,30.23,0.35,30.23
9738,6767,2,14:57:08,1.99,2.01,0.02,2.01
9739,6767,2,15:00:15,4.48,4.8,0.32,4.8
9339,20000,10004,15:04:06,46.67,46.67,0,46.67
9340,20000,10003,15:04:12,30.86,30.13,0,30.13
9341,20000,10005,15:04:17,55.55,55.55,0,55.55
9740,6767,2,15:05:33,10.65,11.35,0.7,11.35
9741,6767,2,15:06:39,12.29,13.18,0.89,13.18
9342,20000,10003,15:08:42,51.74,50.51,0,50.51
9343,20000,10004,15:10:32,35.01,35.01,0,35.01
9344,20000,10002,15:11:29,21.7,21.7,0,21.7
9743,6767,2,15:17:18,10,10,0,10
9744,6767,2,15:18:04,41.29,41.38,0.09,41.38
9745,6767,2,15:18:59,10,10,0,10
9746,6767,2,15:19:05,2.99,3.21,0.22,3.21
9747,6767,2,15:19:28,21.22,22.76,1.54,22.76
9748,6767,2,15:20:22,20,21.45,1.45,21.45
9345,20000,10003,15:20:25,39.89,39.89,0,39.89
9346,20000,10005,15:20:45,20.14,20,0,20
9749,6767,2,15:20:49,3.28,3.52,0.24,3.52
9750,6767,2,15:21:15,41.29,41.38,0.09,41.38
9751,6767,2,15:23:53,40,40,0,40
9347,20000,10002,15:25:35,50.23,50.23,0,50.23
9348,20000,10003,15:26:18,42.52,41,0,41
9752,6767,2,15:26:25,40,40,0,40
9754,6767,2,15:28:47,20,20,0,20
9755,6767,2,15:28:57,42.13,45.18,3.05,45.18
9756,6767,2,15:29:25,7.07,7.58,0.51,7.58
9757,6767,2,15:29:51,20,20,0,20
9349,20000,10005,15:32:26,84.51,84.51,0,84.51
9758,6767,2,15:33:01,3.08,3.19,0.11,3.19
9350,20000,10005,15:38:28,76.65,76.65,0,76.65
9759,6767,2,15:40:45,12.78,13.71,0.93,13.71
9351,20000,10004,15:40:59,53.4,53.4,0,53.4
9352,20000,10002,15:41:04,27.23,27.23,0,27.23
9760,6767,2,15:42:35,0.75,0.8,0.05,0.8
9353,20000,10005,15:46:53,70.4,70.01,0,70.01
9761,6767,2,15:47:22,12.39,13.29,0.9,13.29
9762,6767,2,15:49:56,13.38,13.63,0.25,13.63
9763,6767,2,15:50:49,1.98,2.12,0.14,2.12
9764,6767,2,15:53:06,32.29,32.46,0.17,32.46
9765,6767,2,15:54:08,33.57,34.93,2.36,34.93
9766,6767,2,15:56:18,32.29,32.46,0.17,32.46
9354,20000,10005,15:57:21,73.62,73.09,0,73.09
9355,20000,10004,15:59:57,64.15,64.15,0,64.15
9356,20000,10001,16:02:50,47.7,46,0,46
9767,6767,2,16:03:09,1.87,2.01,0.14,2.01
9357,20000,10003,16:04:12,47.57,47,0,47
9768,6767,2,16:06:24,27.41,29.4,1.99,29.4
9358,20000,10005,16:10:12,43.36,43.36,0,43.36
9359,20000,10003,16:11:18,55.93,55.93,0,55.93
9769,6767,2,16:15:46,34.28,28.61,1.83,28.61
9360,20000,10003,16:16:58,66.74,66.74,0,66.74
9770,6767,2,16:18:49,1.64,1.76,0.12,1.76
9771,6767,2,16:19:20,0.5,0.51,0.01,0.51
9361,20000,10003,16:21:01,44.46,44.46,0,44.46
9362,20000,10005,16:21:51,37.61,36.72,0,36.72
9773,6767,2,16:21:53,20,20,0,20
9774,6767,2,16:23:03,3.09,3.31,0.22,3.31
9775,6767,2,16:23:33,20,20,0,20
9363,20000,10001,16:24:18,50,50,0,50
9776,6767,2,16:25:44,2.79,2.99,0.2,2.99
9364,20000,10002,16:27:47,26.95,26.95,0,26.95
9777,6767,2,16:28:01,1.87,2.01,0.14,2.01
9778,6767,2,16:28:52,4.98,5.34,0.36,5.34
9779,6767,2,16:32:33,22.38,15.96,1.08,15.96
9780,6767,2,16:36:49,16.04,16.67,1.13,16.67
9781,6767,2,16:37:28,49.16,48.01,3.25,48.01
9782,6767,2,16:39:33,2.89,3.1,0.21,3.1
9365,20000,10003,16:39:44,125,125,0,125
9366,20000,10005,16:40:24,74,74,0,74
9367,20000,10001,16:41:06,20.26,20.02,0,20.02
9783,6767,2,16:45:20,4.14,4.44,0.3,4.44
9368,20000,10004,16:48:06,66.05,64.48,0,64.48
9369,20000,10003,16:50:59,40,40,0,40
9784,6767,2,16:51:11,2.97,3.19,0.22,3.19
9785,6767,2,16:53:31,5.99,6.42,0.43,6.42
9786,6767,2,16:53:56,11.09,11.17,0.08,11.17
9787,6767,2,16:56:04,46.95,50.35,3.4,50.35
9788,6767,2,16:56:38,11.09,11.17,0.08,11.17
9789,6767,2,16:57:24,16.17,17.34,1.17,17.34
9370,20000,10005,16:58:52,60.97,60.97,0,60.97
9790,6767,2,17:04:23,20,20,0,20
9791,6767,2,17:06:27,20.24,20,0,20
9792,6767,2,17:07:00,19.11,20,0.89,20
9793,6767,2,17:08:27,19.11,20,0.89,20
9371,20000,10004,17:10:17,37.89,37.89,0,37.89
9794,6767,2,17:11:08,6.79,7.28,0.49,7.28
9372,20000,10001,17:11:31,71.71,70.01,0,70.01
9795,6767,2,17:13:58,4.49,4.82,0.33,4.82
9373,20000,10003,17:19:04,61.49,61.49,0,61.49
9374,20000,10005,17:19:14,40.14,39.86,0,39.86
9796,6767,2,17:19:25,4.26,4.57,0.31,4.57
9797,6767,2,17:20:50,4.08,4.38,0.3,4.38
9375,20000,10004,17:21:00,116.83,116.83,0,116.83
9798,6767,2,17:22:14,6.47,6.53,0.06,6.53
9799,6767,2,17:23:32,15,15,0,15
9800,6767,2,17:24:47,15,15,0,15
9801,6767,2,17:26:26,15.27,16.38,1.11,16.38
9376,20000,10005,17:26:59,40.75,40.75,0,40.75
9802,6767,2,17:29:56,5.98,6.41,0.43,6.41
9803,6767,2,17:30:29,-5.98,-6.41,-0.43,-6.41
9804,6767,2,17:30:43,5.98,6.41,0.43,6.41
9806,6767,2,17:32:14,6.69,7.18,0.49,7.18
9377,20000,10003,17:32:48,42.01,41.01,0,41.01
9378,20000,10005,17:34:14,73,73,0,73
9807,6767,2,17:35:21,40,40,0,40
9379,20000,10003,17:35:56,43.9,42.86,0,42.86
9808,6767,2,17:37:08,28.57,29.92,1.35,29.92
9809,6767,2,17:38:24,40,40,0,40
9810,6767,2,17:38:57,7.78,8.34,0.56,8.34
9811,6767,2,17:39:50,28.57,29.92,1.35,29.92
9812,6767,2,17:42:48,77.57,79.57,2,79.57
9813,6767,2,17:45:56,77.57,78.5,1.93,78.5
9380,20000,10004,17:48:07,33.6,33.6,0,33.6
9814,6767,2,17:48:39,0.5,0.51,0.01,0.51
9381,20000,10003,17:49:50,30.01,30.01,0,30.01
9815,6767,2,17:50:33,1.87,2.01,0.14,2.01
9816,6767,2,17:50:55,29.77,31.93,2.16,31.93
9817,6767,2,17:52:35,5,5,0,5
9382,20000,10002,17:53:17,24,24,0,24
9818,6767,2,17:54:08,5,5,0,5
9819,6767,2,17:55:11,17.22,18.47,1.25,18.47
9383,20000,10004,17:55:50,41.31,41.31,0,41.31
9384,20000,10003,17:56:21,83.51,83.51,0,83.51
9385,20000,10002,17:56:56,50.53,50.53,0,50.53
9820,6767,2,17:57:45,3.38,3.41,0.03,3.41
9821,6767,2,18:08:38,1.89,1.91,0.02,1.91
9822,6767,2,18:11:42,1.87,2.01,0.14,2.01
9823,6767,2,18:14:16,107.56,109.44,2.88,109.44
9386,20000,10004,18:14:48,112.87,112.87,0,112.87
9387,20000,10005,18:15:14,23.9,23.9,0,23.9
9824,6767,2,18:15:38,1.79,1.92,0.13,1.92
9825,6767,2,18:18:10,25.58,27,1.42,27
9388,20000,10002,18:19:11,45.12,45.12,0,45.12
9827,6767,2,18:21:18,5,5,0,5
9389,20000,10003,18:22:09,47.66,47.32,0,47.32
9828,6767,2,18:22:38,3.78,3.82,0.04,3.82
9830,6767,2,18:25:26,20,20,0,20
9832,6767,2,18:27:16,20,20,0,20
9833,6767,2,18:28:28,24.26,26.02,1.76,26.02
9390,20000,10002,18:29:19,30.74,30,0,30
9834,6767,2,18:29:23,52.78,56.61,3.83,56.61
9835,6767,2,18:30:35,15,15,0,15
9836,6767,2,18:31:53,2.79,2.99,0.2,2.99
9837,6767,2,18:32:28,15,15,0,15
9391,20000,10005,18:32:41,40.1,40.1,0,40.1
9838,6767,2,18:33:27,17.91,18,0.09,18
9392,20000,10004,18:34:56,47.81,46.93,0,46.93
9839,6767,2,18:35:14,4.08,4.38,0.3,4.38
9840,6767,2,18:35:47,24.58,25.29,1.71,25.29
9841,6767,2,18:36:30,17.91,18,0.09,18
9842,6767,2,18:36:44,44.97,48.23,3.26,48.23
9843,6767,2,18:37:45,3,3,0,3
9393,20000,10003,18:38:32,50.01,50.01,0,50.01
9844,6767,2,18:39:06,3,3,0,3
9845,6767,2,18:39:20,9.99,10.71,0.72,10.71
9846,6767,2,18:40:31,17.62,10.85,0.73,10.85
9394,20000,10004,18:40:50,102.46,100.02,0,100.02
9395,20000,10005,18:43:05,34.21,33.57,0,33.57
9847,6767,2,18:44:01,53.38,53.63,0.25,53.63
9396,20000,10001,18:44:58,55.8,55.13,0,55.13
9848,6767,2,18:45:28,4.28,4.4,0.12,4.4
9849,6767,2,18:46:54,53.98,53.63,0.25,53.63
9397,20000,10005,18:48:11,44.33,43.27,0,43.27
9852,6767,2,18:53:48,4.58,4.91,0.33,4.91
9398,20000,10004,18:54:01,45.54,45,0,45
9399,20000,10004,18:56:58,19.03,18.81,0,18.81
9400,20000,10002,18:58:49,40.5,40.02,0,40.02
9401,20000,10004,19:01:43,19.52,19.52,0,19.52
9854,6767,2,19:01:46,11.67,12.52,0.85,12.52
9855,6767,2,19:02:49,6.69,7.18,0.49,7.18
9402,20000,10001,19:03:19,49.06,49.06,0,49.06
9856,6767,2,19:07:46,30.99,31.79,0.8,31.79
9857,6767,2,19:09:11,30.99,31.79,0.8,31.79
9858,6767,2,19:09:32,2.19,2.35,0.16,2.35
9403,20000,10003,19:11:03,66.5,66.02,0,66.02
9404,20000,10002,19:11:26,59.2,59.2,0,59.2
9859,6767,2,19:13:28,33.68,36.12,2.44,36.12
9860,6767,2,19:14:21,15,15,0,15
9405,20000,10001,19:14:47,15.15,15.15,0,15.15
9861,6767,2,19:14:51,5.18,5.56,0.38,5.56
9862,6767,2,19:17:53,1.79,1.92,0.13,1.92
9406,20000,10001,19:22:44,65.23,65.23,0,65.23
9863,6767,2,19:22:46,13.95,14.96,1.01,14.96
9864,6767,2,19:26:11,36.99,39.67,2.68,39.67
9865,6767,2,19:26:29,5.58,5.98,0.4,5.98
9866,6767,2,19:26:54,2.79,2.99,0.2,2.99
9407,20000,10003,19:27:47,47.47,46.9,0,46.9
9408,20000,10004,19:28:52,70.25,70.25,0,70.25
9867,6767,2,19:29:00,20.96,22.29,1.33,22.29
9868,6767,2,19:30:04,7,7,0,7
9869,6767,2,19:30:20,23.98,25.72,1.74,25.72
9870,6767,2,19:30:58,7,7,0,7
9871,6767,2,19:34:03,20.98,22.5,1.52,22.5
9872,6767,2,19:36:09,6.47,6.94,0.47,6.94
9409,20000,10004,19:37:05,12,12,0,12
9873,6767,2,19:39:00,16.65,17.86,1.21,17.86
9874,6767,2,19:47:51,7.58,7.83,0.25,7.83
9875,6767,2,19:48:35,7.48,8.02,0.54,8.02
9876,6767,2,19:49:41,2.99,3.02,0.03,3.02
9410,20000,10004,19:51:52,50.17,48.97,0,48.97
9877,6767,2,19:52:11,13.97,14.98,1.01,14.98
9878,6767,2,19:53:08,27.98,28.92,0.94,28.92
9879,6767,2,19:54:23,4.88,5.23,0.35,5.23
9411,20000,10001,19:54:52,74.22,74.22,0,74.22
9880,6767,2,19:55:18,28.09,28.92,0.94,28.92
9881,6767,2,19:55:23,3.74,4.01,0.27,4.01
9882,6767,2,19:56:31,23.74,24.01,0.27,24.01
9883,6767,2,19:57:03,22.48,23.55,1.07,23.55
9412,20000,10003,19:57:04,73.73,73.73,0,73.73
9413,20000,10005,19:58:00,40.05,40.05,0,40.05
9884,6767,2,19:58:39,3.29,3.32,0.03,3.32
9885,6767,2,19:58:53,23.74,24.01,0.27,24.01
9886,6767,2,20:04:31,3.29,3.53,0.24,3.53
9887,6767,2,20:10:30,14.56,15.59,1.03,15.59
9414,20000,10004,20:12:20,21.03,21.03,0,21.03
9415,20000,10003,20:14:12,52.97,52.97,0,52.97
9888,6767,2,20:14:42,17.62,10.85,0.73,10.85
9416,20000,10001,20:15:12,20.17,20.17,0,20.17
9417,20000,10004,20:16:50,47.53,47.53,0,47.53
9418,20000,10005,20:17:50,40.44,39,0,39
9419,20000,10002,20:24:25,93,93,0,93
9889,6767,2,20:29:17,29.53,31.67,2.14,31.67
9420,20000,10003,20:32:58,30.01,30.01,0,30.01
9890,6767,2,20:34:33,5.58,5.98,0.4,5.98
9891,6767,2,20:36:16,4.29,4.6,0.31,4.6
9421,20000,10005,20:36:36,70.39,70.39,0,70.39
9422,20000,10004,20:37:20,46.1,45,0,45
9423,20000,10001,20:38:12,43.69,43.69,0,43.69
9892,6767,2,20:43:06,30,30,0,30
9893,6767,2,20:45:11,30,30,0,30
9894,6767,2,20:46:25,23.57,25.28,1.71,25.28
9424,20000,10003,20:50:00,60.49,59.23,0,59.23
9425,20000,10004,20:51:12,39.91,39.91,0,39.91
9895,6767,2,21:15:35,6.58,7.06,0.48,7.06
9896,6767,2,21:23:33,60,60,0,60
9426,20000,10004,21:24:01,66.55,66.55,0,66.55
9897,6767,2,21:26:13,60,60,0,60
9898,6767,2,21:26:19,20,20,0,20
9899,6767,2,21:28:22,4.95,5.31,0.36,5.31
9900,6767,2,21:28:44,20,20,0,20
9901,6767,2,21:28:58,26.98,28.94,1.96,28.94
9902,6767,2,21:29:21,2.54,2.72,0.18,2.72